{
	"format_version": "1.8.0",
	"animations": {
		"open": {
			"loop": "hold_on_last_frame",
			"animation_length": 3,
			"bones": {
				"Tray": {
					"position": {
						"0.75": {
							"vector": [0, 0, 0],
							"easing": "bezier",
							"left": [0, 0, 0.36],
							"left_time": [-0.1, -0.1, -0.48941],
							"right": [0, 0, 0],
							"right_time": [0.1, 0.1, 0.1]
						},
						"3.0": {
							"vector": [0, 0, -14],
							"easing": "bezier",
							"left": [0, 0, 0.36],
							"left_time": [-0.1, -0.1, -0.48941],
							"right": [0, 0, 0],
							"right_time": [0.1, 0.1, 0.1]
						}
					}
				},
				"redbut": {
					"position": {
						"0.0": {
							"vector": [0, 0, 0]
						},
						"0.125": {
							"vector": [0, 0, 0.1]
						},
						"0.25": {
							"vector": [0, 0, 0]
						}
					}
				}
			}
		},
		"close": {
			"loop": "hold_on_last_frame",
			"animation_length": 3,
			"bones": {
				"Tray": {
					"position": {
						"0.75": {
							"vector": [0, 0, -14]
						},
						"0.7917": [0, 0, -13.80698],
						"0.8333": [0, 0, -13.53569],
						"1.375": [0, 0, -9.48908],
						"1.8333": [0, 0, -6.11455],
						"2.125": [0, 0, -4.10052],
						"2.3333": [0, 0, -2.76503],
						"2.5": [0, 0, -1.78749],
						"2.625": [0, 0, -1.12955],
						"2.6667": [0, 0, -0.9293],
						"2.7083": [0, 0, -0.7405],
						"2.75": [0, 0, -0.5652],
						"2.7917": [0, 0, -0.40543],
						"2.8333": [0, 0, -0.26425],
						"2.875": [0, 0, -0.14576],
						"2.9167": [0, 0, -0.05547],
						"2.9583": [0, 0, -0.00232],
						"3.0": {
							"vector": [0, 0, 0]
						}
					}
				},
				"redbut": {
					"position": {
						"0.0": {
							"vector": [0, 0, 0]
						},
						"0.125": {
							"vector": [0, 0, 0.1]
						},
						"0.25": {
							"vector": [0, 0, 0]
						}
					}
				}
			}
		},
		"close_disk": {
			"loop": "hold_on_last_frame",
			"animation_length": 3,
			"bones": {
				"Tray": {
					"position": {
						"0.75": {
							"vector": [0, 0, -14]
						},
						"0.7917": [0, 0, -13.80698],
						"0.8333": [0, 0, -13.53569],
						"1.375": [0, 0, -9.48908],
						"1.8333": [0, 0, -6.11455],
						"2.125": [0, 0, -4.10052],
						"2.3333": [0, 0, -2.76503],
						"2.5": [0, 0, -1.78749],
						"2.625": [0, 0, -1.12955],
						"2.6667": [0, 0, -0.9293],
						"2.7083": [0, 0, -0.7405],
						"2.75": [0, 0, -0.5652],
						"2.7917": [0, 0, -0.40543],
						"2.8333": [0, 0, -0.26425],
						"2.875": [0, 0, -0.14576],
						"2.9167": [0, 0, -0.05547],
						"2.9583": [0, 0, -0.00232],
						"3.0": {
							"vector": [0, 0, 0]
						}
					}
				},
				"logo": {
					"position": {
						"0.75": {
							"vector": [0, -2, -14]
						},
						"0.7917": [0, -2, -13.80698],
						"0.8333": [0, -2, -13.53569],
						"1.375": [0, -2, -9.48908],
						"1.8333": [0, -2, -6.11455],
						"2.125": [0, -2, -4.10052],
						"2.3333": [0, -2, -2.76503],
						"2.5": [0, -2, -1.78749],
						"2.625": [0, -2, -1.12955],
						"2.6667": [0, -2, -0.9293],
						"2.7083": [0, -2, -0.7405],
						"2.75": [0, -2, -0.5652],
						"2.7917": [0, -2, -0.40543],
						"2.8333": [0, -2, -0.26425],
						"2.875": [0, -2, -0.14576],
						"2.9167": [0, -2, -0.05547],
						"2.9583": [0, -2, -0.00232],
						"3.0": {
							"vector": [0, -2, 0]
						}
					},
					"scale": {
						"vector": [0.8, 1, 0.8]
					}
				},
				"redbut": {
					"position": {
						"0.0": {
							"vector": [0, 0, 0]
						},
						"0.125": {
							"vector": [0, 0, 0.1]
						},
						"0.25": {
							"vector": [0, 0, 0]
						}
					}
				}
			}
		},
		"open_disk": {
			"loop": "hold_on_last_frame",
			"animation_length": 3,
			"bones": {
				"Tray": {
					"position": {
						"0.75": {
							"vector": [0, 0, 0]
						},
						"0.7917": [0, 0, -0.18357],
						"0.8333": [0, 0, -0.44191],
						"1.375": [0, 0, -4.32156],
						"1.875": [0, 0, -7.88744],
						"2.2083": [0, 0, -10.12623],
						"2.4583": [0, 0, -11.67412],
						"2.625": [0, 0, -12.60489],
						"2.7083": [0, 0, -13.02474],
						"2.75": [0, 0, -13.21938],
						"2.7917": [0, 0, -13.40168],
						"2.8333": [0, 0, -13.56919],
						"2.875": [0, 0, -13.71865],
						"2.9167": [0, 0, -13.84566],
						"2.9583": [0, 0, -13.94308],
						"3.0": {
							"vector": [0, 0, -14]
						}
					}
				},
				"logo": {
					"position": {
						"0.75": {
							"vector": [0, -2, 0]
						},
						"0.7917": [0, -2, -0.17766],
						"0.8333": [0, -2, -0.42418],
						"1.375": [0, -2, -4.13197],
						"1.9167": [0, -2, -7.89226],
						"2.3333": [0, -2, -10.65812],
						"2.5833": [0, -2, -12.19735],
						"2.75": [0, -2, -13.12073],
						"2.7917": [0, -2, -13.32924],
						"2.8333": [0, -2, -13.52416],
						"2.875": [0, -2, -13.70132],
						"2.9167": [0, -2, -13.8531],
						"2.9583": [0, -2, -13.96515],
						"3.0": {
							"vector": [0, -2, -14]
						}
					},
					"scale": {
						"vector": [0.8, 1, 0.8]
					}
				},
				"redbut": {
					"position": {
						"0.0": {
							"vector": [0, 0, 0]
						},
						"0.125": {
							"vector": [0, 0, 0.1]
						},
						"0.25": {
							"vector": [0, 0, 0]
						}
					}
				}
			}
		},
		"play": {
			"animation_length": 0.4167,
			"bones": {
				"greenbut": {
					"position": {
						"0.0": {
							"vector": [0, 0, 0]
						},
						"0.2083": {
							"vector": [0, 0, 0.1],
							"easing": "easeOutExpo"
						},
						"0.4167": {
							"vector": [0, 0, 0],
							"easing": "easeInSine"
						}
					}
				}
			}
		}
	},
	"geckolib_format_version": 2
}